"Timestamp (IST)","Visitor UUID","City","State / Region","Country","Country Code","Page Visited","Page Title","Device","Browser","OS","Referrer","Session ID","IP Address"
"2026-09-17 14:27:14 IST","vid_dnsm53dgmu56d0ny","Localhost / India","Internal Dev","India","IN","/company/about-us","FoundingLegals Complete Startup Legal & Compliance Platform for India","Desktop","Chrome","Windows","http://localhost:3001/company/about-us","sid_5on7dh7pmu56lik1","::1"
"2026-09-17 14:27:20 IST","vid_dnsm53dgmu56d0ny","Localhost / India","Internal Dev","India","IN","/company/about-us","FoundingLegals Complete Startup Legal & Compliance Platform for India","Desktop","Chrome","Windows","http://localhost:3001/company/about-us","sid_5on7dh7pmu56lik1","::1"
"2026-09-17 14:27:33 IST","usr_1b436717-3ba1-4938-b696-05cf58d8ab6d","Localhost / India","Internal Dev","India","IN","/company/about-us","FoundingLegals Complete Startup Legal & Compliance Platform for India","Desktop","Chrome","Windows","http://localhost:3001/company/about-us","ses_26730919-1deb-4584-a3a0-9178409f0863","::1"
"2026-10-07 11:17:50 IST","2026-10-07","usr_live_test_founder_1","Mumbai","Maharashtra","India","IN","/blogs/how-startups-build-compliant-cap-tables-in-india","How Startups Build Compliant Cap Tables in India | Founding Legals","Desktop","Chrome","Windows","https://google.com","ses_live_test_session_1","103.21.124.50"
"2026-10-07 11:45:42 IST","2026-10-07","usr_45cae256-d0eb-4a45-8081-0955f2833a0b","Localhost / India","Internal Dev","India","IN","/","FoundingLegals Complete Startup Legal & Compliance Platform for India","Desktop","Chrome","Windows","Direct","ses_86fe44c2-809b-4cc2-8f5a-d1fdffe03585","::1"
"2026-10-07 11:46:29 IST","2026-10-07","usr_45cae256-d0eb-4a45-8081-0955f2833a0b","Localhost / India","Internal Dev","India","IN","/blogs","Blogs & Legal Guides | Founding Legals","Desktop","Chrome","Windows","http://localhost:3002/","ses_86fe44c2-809b-4cc2-8f5a-d1fdffe03585","::1"
"2026-10-07 12:15:40 IST","2026-10-07","usr_45cae256-d0eb-4a45-8081-0955f2833a0b","Localhost / India","Internal Dev","India","IN","/blogs","Blogs & Legal Guides | Founding Legals","Desktop","Chrome","Windows","http://localhost:3002/blogs","ses_bf674fec-5240-4566-baba-e09d618820ea","::1"
"2026-10-07 12:27:20 IST","2026-10-07","usr_45cae256-d0eb-4a45-8081-0955f2833a0b","Localhost / India","Internal Dev","India","IN","/blogs","Blogs & Legal Guides | Founding Legals","Desktop","Chrome","Windows","http://localhost:3002/blogs","ses_bf674fec-5240-4566-baba-e09d618820ea","::1"
"2026-10-07 12:27:44 IST","2026-10-07","usr_45cae256-d0eb-4a45-8081-0955f2833a0b","Localhost / India","Internal Dev","India","IN","/blogs","Blogs & Legal Guides | Founding Legals","Desktop","Chrome","Windows","http://localhost:3002/blogs","ses_bf674fec-5240-4566-baba-e09d618820ea","::1"
"2026-10-08 15:59:03 IST","2026-10-08","usr_43c35813-8bce-422c-9305-5f62531e3686","Localhost / India","Internal Dev","India","IN","/","FoundingLegals Complete Startup Legal & Compliance Platform for India","Desktop","Chrome","Windows","Direct","ses_fa4e8a98-f889-47e2-930d-f926592e9d25","::1"
"2026-10-08 16:15:23 IST","2026-10-08","usr_43c35813-8bce-422c-9305-5f62531e3686","Localhost / India","Internal Dev","India","IN","/services/LegalServices/client-management","FoundingLegals Complete Startup Legal & Compliance Platform for India","Desktop","Chrome","Windows","http://localhost:3001/","ses_fa4e8a98-f889-47e2-930d-f926592e9d25","::1"
"2026-10-08 16:16:16 IST","2026-10-08","usr_43c35813-8bce-422c-9305-5f62531e3686","Localhost / India","Internal Dev","India","IN","/blogs","Blogs & Legal Guides | Founding Legals","Desktop","Chrome","Windows","http://localhost:3001/admin/blog","ses_27be6468-8c56-4fdf-8eb1-b4bdd17b77d7","::1"
"2026-10-08 16:16:21 IST","2026-10-08","usr_43c35813-8bce-422c-9305-5f62531e3686","Localhost / India","Internal Dev","India","IN","/blogs","Blogs & Legal Guides | Founding Legals","Desktop","Chrome","Windows","http://localhost:3001/blogs","ses_27be6468-8c56-4fdf-8eb1-b4bdd17b77d7","::1"
"2026-10-08 16:23:44 IST","2026-10-08","usr_43c35813-8bce-422c-9305-5f62531e3686","Localhost / India","Internal Dev","India","IN","/services/LegalServices/client-management","FoundingLegals Complete Startup Legal & Compliance Platform for India","Desktop","Chrome","Windows","http://localhost:3001/blogs","ses_27be6468-8c56-4fdf-8eb1-b4bdd17b77d7","::1"
"2026-10-08 16:24:09 IST","2026-10-08","usr_43c35813-8bce-422c-9305-5f62531e3686","Localhost / India","Internal Dev","India","IN","/services/LegalServices/client-management","FoundingLegals Complete Startup Legal & Compliance Platform for India","Desktop","Chrome","Windows","http://localhost:3001/services/LegalServices/client-management","ses_27be6468-8c56-4fdf-8eb1-b4bdd17b77d7","::1"
"2026-10-08 16:24:47 IST","2026-10-08","usr_43c35813-8bce-422c-9305-5f62531e3686","Localhost / India","Internal Dev","India","IN","/services/LegalServices/payroll-management","FoundingLegals Complete Startup Legal & Compliance Platform for India","Desktop","Chrome","Windows","http://localhost:3001/services/LegalServices/client-management","ses_27be6468-8c56-4fdf-8eb1-b4bdd17b77d7","::1"
"2026-10-08 16:24:51 IST","2026-10-08","usr_43c35813-8bce-422c-9305-5f62531e3686","Localhost / India","Internal Dev","India","IN","/services/LegalServices/payroll-management","FoundingLegals Complete Startup Legal & Compliance Platform for India","Desktop","Chrome","Windows","http://localhost:3001/services/LegalServices/payroll-management","ses_27be6468-8c56-4fdf-8eb1-b4bdd17b77d7","::1"
"2026-10-08 16:25:20 IST","2026-10-08","usr_43c35813-8bce-422c-9305-5f62531e3686","Localhost / India","Internal Dev","India","IN","/pricing","FoundingLegals Complete Startup Legal & Compliance Platform for India","Desktop","Chrome","Windows","http://localhost:3001/services/LegalServices/payroll-management","ses_27be6468-8c56-4fdf-8eb1-b4bdd17b77d7","::1"
"2026-10-08 16:25:23 IST","2026-10-08","usr_43c35813-8bce-422c-9305-5f62531e3686","Localhost / India","Internal Dev","India","IN","/pricing","FoundingLegals Complete Startup Legal & Compliance Platform for India","Desktop","Chrome","Windows","http://localhost:3001/pricing","ses_27be6468-8c56-4fdf-8eb1-b4bdd17b77d7","::1"
"2026-10-08 16:44:46 IST","2026-10-08","usr_43c35813-8bce-422c-9305-5f62531e3686","Localhost / India","Internal Dev","India","IN","/services/LegalServices/client-management","FoundingLegals Complete Startup Legal & Compliance Platform for India","Desktop","Chrome","Windows","http://localhost:3001/pricing","ses_27be6468-8c56-4fdf-8eb1-b4bdd17b77d7","::1"
"2026-10-08 16:44:55 IST","2026-10-08","usr_43c35813-8bce-422c-9305-5f62531e3686","Localhost / India","Internal Dev","India","IN","/services/LegalServices/client-management","FoundingLegals Complete Startup Legal & Compliance Platform for India","Desktop","Chrome","Windows","http://localhost:3001/services/LegalServices/client-management","ses_27be6468-8c56-4fdf-8eb1-b4bdd17b77d7","::1"
"2026-10-08 16:46:51 IST","2026-10-08","usr_43c35813-8bce-422c-9305-5f62531e3686","Localhost / India","Internal Dev","India","IN","/pricing","FoundingLegals Complete Startup Legal & Compliance Platform for India","Desktop","Chrome","Windows","http://localhost:3001/services/LegalServices/client-management","ses_27be6468-8c56-4fdf-8eb1-b4bdd17b77d7","::1"
"2026-10-08 16:46:56 IST","2026-10-08","usr_43c35813-8bce-422c-9305-5f62531e3686","Localhost / India","Internal Dev","India","IN","/pricing","FoundingLegals Complete Startup Legal & Compliance Platform for India","Desktop","Chrome","Windows","http://localhost:3001/pricing","ses_27be6468-8c56-4fdf-8eb1-b4bdd17b77d7","::1"
"2026-10-08 16:51:12 IST","2026-10-08","usr_43c35813-8bce-422c-9305-5f62531e3686","Localhost / India","Internal Dev","India","IN","/services/LegalServices/client-management","FoundingLegals Complete Startup Legal & Compliance Platform for India","Desktop","Chrome","Windows","http://localhost:3001/pricing","ses_27be6468-8c56-4fdf-8eb1-b4bdd17b77d7","::1"
"2026-10-08 16:51:19 IST","2026-10-08","usr_43c35813-8bce-422c-9305-5f62531e3686","Localhost / India","Internal Dev","India","IN","/services/LegalServices/client-management","FoundingLegals Complete Startup Legal & Compliance Platform for India","Desktop","Chrome","Windows","http://localhost:3001/services/LegalServices/client-management","ses_27be6468-8c56-4fdf-8eb1-b4bdd17b77d7","::1"
"2026-10-08 16:51:25 IST","2026-10-08","usr_43c35813-8bce-422c-9305-5f62531e3686","Localhost / India","Internal Dev","India","IN","/pricing","FoundingLegals Complete Startup Legal & Compliance Platform for India","Desktop","Chrome","Windows","http://localhost:3001/services/LegalServices/client-management","ses_27be6468-8c56-4fdf-8eb1-b4bdd17b77d7","::1"
"2026-10-08 16:51:29 IST","2026-10-08","usr_43c35813-8bce-422c-9305-5f62531e3686","Localhost / India","Internal Dev","India","IN","/pricing","FoundingLegals Complete Startup Legal & Compliance Platform for India","Desktop","Chrome","Windows","http://localhost:3001/pricing","ses_27be6468-8c56-4fdf-8eb1-b4bdd17b77d7","::1"
"2026-10-08 16:55:36 IST","2026-10-08","usr_43c35813-8bce-422c-9305-5f62531e3686","Localhost / India","Internal Dev","India","IN","/services/LegalServices/team-management","FoundingLegals Complete Startup Legal & Compliance Platform for India","Desktop","Chrome","Windows","http://localhost:3001/pricing","ses_27be6468-8c56-4fdf-8eb1-b4bdd17b77d7","::1"
"2026-10-08 16:55:43 IST","2026-10-08","usr_43c35813-8bce-422c-9305-5f62531e3686","Localhost / India","Internal Dev","India","IN","/services/LegalServices/team-management","FoundingLegals Complete Startup Legal & Compliance Platform for India","Desktop","Chrome","Windows","http://localhost:3001/services/LegalServices/team-management","ses_27be6468-8c56-4fdf-8eb1-b4bdd17b77d7","::1"
"2026-10-08 16:56:29 IST","2026-10-08","usr_43c35813-8bce-422c-9305-5f62531e3686","Localhost / India","Internal Dev","India","IN","/services/LegalServices/payroll-management","FoundingLegals Complete Startup Legal & Compliance Platform for India","Desktop","Chrome","Windows","http://localhost:3001/services/LegalServices/team-management","ses_27be6468-8c56-4fdf-8eb1-b4bdd17b77d7","::1"
"2026-10-08 16:56:34 IST","2026-10-08","usr_43c35813-8bce-422c-9305-5f62531e3686","Localhost / India","Internal Dev","India","IN","/services/LegalServices/payroll-management","FoundingLegals Complete Startup Legal & Compliance Platform for India","Desktop","Chrome","Windows","http://localhost:3001/services/LegalServices/payroll-management","ses_27be6468-8c56-4fdf-8eb1-b4bdd17b77d7","::1"
"2026-10-08 16:56:52 IST","2026-10-08","usr_43c35813-8bce-422c-9305-5f62531e3686","Localhost / India","Internal Dev","India","IN","/pricing","FoundingLegals Complete Startup Legal & Compliance Platform for India","Desktop","Chrome","Windows","http://localhost:3001/services/LegalServices/payroll-management","ses_27be6468-8c56-4fdf-8eb1-b4bdd17b77d7","::1"
"2026-10-08 16:56:55 IST","2026-10-08","usr_43c35813-8bce-422c-9305-5f62531e3686","Localhost / India","Internal Dev","India","IN","/pricing","FoundingLegals Complete Startup Legal & Compliance Platform for India","Desktop","Chrome","Windows","http://localhost:3001/pricing","ses_27be6468-8c56-4fdf-8eb1-b4bdd17b77d7","::1"
"2026-10-08 16:59:40 IST","2026-10-08","usr_43c35813-8bce-422c-9305-5f62531e3686","Localhost / India","Internal Dev","India","IN","/","FoundingLegals Complete Startup Legal & Compliance Platform for India","Desktop","Chrome","Windows","http://localhost:3001/pricing","ses_27be6468-8c56-4fdf-8eb1-b4bdd17b77d7","::1"
"2026-10-08 16:59:48 IST","2026-10-08","usr_43c35813-8bce-422c-9305-5f62531e3686","Localhost / India","Internal Dev","India","IN","/","FoundingLegals Complete Startup Legal & Compliance Platform for India","Desktop","Chrome","Windows","http://localhost:3001/","ses_27be6468-8c56-4fdf-8eb1-b4bdd17b77d7","::1"
